Date,Temperature,Rain_Probability,Sales
2026-01-01,5.2,10,2
2026-01-02,6.1,20,3
2026-01-03,4.8,0,3
2026-01-04,7.0,10,4
2026-01-05,5.5,60,1
2026-01-06,3.2,80,1
2026-01-07,4.1,30,2
2026-01-08,6.8,0,4
2026-01-09,8.0,10,5
2026-01-10,7.2,20,4
2026-01-11,5.0,70,1
2026-01-12,4.3,40,2
2026-01-13,6.0,10,3
2026-01-14,7.5,0,5
2026-01-15,8.2,10,5
2026-01-16,6.9,20,4
2026-01-17,5.1,90,1
2026-01-18,3.8,50,1
2026-01-19,4.7,10,2
2026-01-20,6.3,0,4
2026-01-21,7.1,20,4
2026-01-22,8.5,10,6
2026-01-23,6.0,40,3
2026-01-24,4.2,80,1
2026-01-25,5.8,20,3
2026-01-26,7.4,10,5
2026-01-27,8.9,0,6
2026-01-28,9.1,30,5
2026-01-29,6.5,70,2
2026-01-30,5.0,30,2
2026-01-31,6.7,10,4
2026-02-01,7.2,10,4
2026-02-02,8.0,20,5
2026-02-03,6.4,60,2
2026-02-04,5.1,80,1
2026-02-05,6.9,10,4
2026-02-06,8.3,0,6
2026-02-07,9.5,10,7
2026-02-08,10.1,20,7
2026-02-09,7.8,50,3
2026-02-10,6.0,70,2
2026-02-11,7.5,10,5
2026-02-12,9.0,0,6
2026-02-13,10.4,10,8
2026-02-14,11.2,30,7
2026-02-15,8.1,80,2
2026-02-16,7.3,40,3
2026-02-17,9.2,10,6
2026-02-18,10.5,0,8
2026-02-19,11.0,20,8
2026-02-20,9.8,60,3
2026-02-21,8.0,90,1
2026-02-22,8.6,30,4
2026-02-23,10.2,10,7
2026-02-24,11.8,0,9
2026-02-25,12.1,20,9
2026-02-26,10.0,70,3
2026-02-27,8.5,40,4
2026-02-28,10.8,10,8
2026-03-01,11.5,10,8
2026-03-02,12.3,20,9
2026-03-03,10.1,60,4
2026-03-04,9.4,80,2
2026-03-05,11.0,20,8
2026-03-06,13.2,0,11
2026-03-07,14.0,10,12
2026-03-08,12.5,50,6
2026-03-09,10.8,70,3
2026-03-10,12.0,20,9
2026-03-11,13.8,10,11
2026-03-12,15.1,0,13
2026-03-13,14.2,30,10
2026-03-14,11.9,90,2
2026-03-15,10.5,40,5
2026-03-16,13.0,10,10
2026-03-17,14.6,0,12
2026-03-18,15.8,20,13
2026-03-19,13.4,60,5
2026-03-20,12.1,80,3
2026-03-21,13.9,20,11
2026-03-22,15.5,10,13
2026-03-23,16.8,0,15
2026-03-24,17.2,20,15
2026-03-25,14.0,70,4
2026-03-26,12.8,50,6
2026-03-27,15.0,10,12
2026-03-28,16.9,0,15
2026-03-29,17.8,10,16
2026-03-30,15.2,60,6
2026-03-31,13.5,80,3
2026-04-01,15.0,20,12
2026-04-02,16.5,10,14
2026-04-03,18.0,0,16
2026-04-04,17.2,40,11
2026-04-05,14.8,90,3
2026-04-06,15.9,30,12
2026-04-07,17.5,10,15
2026-04-08,19.1,0,18
2026-04-09,18.3,20,16
2026-04-10,16.0,70,5
2026-04-11,14.5,60,5
2026-04-12,17.0,10,14
2026-04-13,18.8,0,17
2026-04-14,20.2,10,20
2026-04-15,19.0,30,15
2026-04-16,16.2,80,4
2026-04-17,17.8,20,14
2026-04-18,19.5,10,18
2026-04-19,21.0,0,21
2026-04-20,20.1,20,18
2026-04-21,17.5,70,6
2026-04-22,16.0,50,8
2026-04-23,18.5,10,16
2026-04-24,20.3,0,19
2026-04-25,21.8,10,21
2026-04-26,20.5,40,14
2026-04-27,17.9,80,5
2026-04-28,19.0,20,16
2026-04-29,21.2,0,21
2026-04-30,22.5,10,23
2026-05-01,21.0,30,18
2026-05-02,18.8,80,5
2026-05-03,20.0,20,17
2026-05-04,22.1,0,22
2026-05-05,23.5,10,24
2026-05-06,22.0,40,16
2026-05-07,19.5,70,6
2026-05-08,21.0,10,18
2026-05-09,23.2,0,23
2026-05-10,24.8,10,26
2026-05-11,23.0,30,20
2026-05-12,20.1,90,4
2026-05-13,21.5,30,18
2026-05-14,23.8,10,23
2026-05-15,25.0,0,26
2026-05-16,24.2,20,22
2026-05-17,21.8,60,9
2026-05-18,22.5,40,17
2026-05-19,24.9,10,24
2026-05-20,26.1,0,27
2026-05-21,25.3,20,24
2026-05-22,22.0,80,6
2026-05-23,23.1,30,20
2026-05-24,25.5,10,25
2026-05-25,27.0,0,28
2026-05-26,26.2,20,25
2026-05-27,23.5,70,8
2026-05-28,22.8,50,15
2026-05-29,25.0,10,23
2026-05-30,26.8,0,27
2026-05-31,27.5,20,26
2026-06-01,25.0,60,11
2026-06-02,23.2,80,6
2026-06-03,24.8,40,18
2026-06-04,26.5,20,24
2026-06-05,28.1,10,28
2026-06-06,27.0,50,15
2026-06-07,24.5,90,5
2026-06-08,25.2,30,20
2026-06-09,27.0,10,25
2026-06-10,28.8,20,27
2026-06-11,26.1,70,8
2026-06-12,24.0,80,5
2026-06-13,25.8,40,19
2026-06-14,27.5,20,25
2026-06-15,29.0,10,29
2026-06-16,28.2,30,23
2026-06-17,25.0,90,5
2026-06-18,26.3,50,17
2026-06-19,28.0,20,26
2026-06-20,29.5,10,30
2026-06-21,28.8,40,20
2026-06-22,26.0,80,7
2026-06-23,27.1,30,22
2026-06-24,29.0,10,28
2026-06-25,30.2,20,30
2026-06-26,27.5,70,9
2026-06-27,26.2,60,13
2026-06-28,28.5,20,26
2026-06-29,30.0,10,30
2026-06-30,31.0,20,31
2026-07-01,29.2,50,18
2026-07-02,27.5,90,6
2026-07-03,28.8,40,21
2026-07-04,30.5,10,29
2026-07-05,32.0,0,33
2026-07-06,31.1,30,25
2026-07-07,28.0,80,7
2026-07-08,29.5,30,23
2026-07-09,31.2,10,30
2026-07-10,32.8,10,33
2026-07-11,30.0,60,13
2026-07-12,28.5,80,7
2026-07-13,30.2,20,28
2026-07-14,32.0,10,32
2026-07-15,33.5,0,35
2026-07-16,32.1,40,22
2026-07-17,29.0,90,6
2026-07-18,30.8,30,25
2026-07-19,32.5,10,32
2026-07-20,34.0,10,36
2026-07-21,32.8,50,19
2026-07-22,30.0,70,10
2026-07-23,31.5,20,29
2026-07-24,33.2,10,33
2026-07-25,34.5,0,36
2026-07-26,33.0,30,27
2026-07-27,29.8,80,8
2026-07-28,31.0,40,23
2026-07-29,32.9,10,32
2026-07-30,34.2,0,35
2026-07-31,35.0,10,37
2026-08-01,33.5,40,24
2026-08-02,30.2,90,7
2026-08-03,31.8,30,26
2026-08-04,33.4,10,33
2026-08-05,34.8,0,36
2026-08-06,35.2,10,37
2026-08-07,32.0,60,14
2026-08-08,29.5,80,7
2026-08-09,31.2,20,28
2026-08-10,33.0,10,32
2026-08-11,34.5,0,35
2026-08-12,33.1,30,26
2026-08-13,30.0,80,8
2026-08-14,31.5,40,24
2026-08-15,33.5,20,28
2026-08-16,31.2,80,8
2026-08-17,32.8,20,30
2026-08-18,34.0,10,34
2026-08-19,34.6,10,35
2026-08-20,31.5,70,11
2026-08-21,29.8,80,7
2026-08-22,31.0,30,24
2026-08-23,32.5,10,30
2026-08-24,33.8,0,33
2026-08-25,32.2,40,22
2026-08-26,29.0,90,6
2026-08-27,30.5,30,23
2026-08-28,32.0,10,29
2026-08-29,33.1,20,30
2026-08-30,31.0,60,13
2026-08-31,28.8,80,6
2026-09-01,30.0,20,25
2026-09-02,31.5,10,28
2026-09-03,32.2,0,30
2026-09-04,30.5,40,19
2026-09-05,27.8,80,6
2026-09-06,28.5,30,20
2026-09-07,30.2,10,25
2026-09-08,31.0,20,26
2026-09-09,29.0,70,9
2026-09-10,26.5,90,4
2026-09-11,28.0,20,21
2026-09-12,29.5,10,25
2026-09-13,30.1,0,26
2026-09-14,28.4,50,15
2026-09-15,26.0,80,5
2026-09-16,27.2,30,18
2026-09-17,28.8,10,22
2026-09-18,29.5,20,24
2026-09-19,27.0,60,11
2026-09-20,25.0,80,5
2026-09-21,26.3,20,18
2026-09-22,27.8,10,21
2026-09-23,28.2,0,22
2026-09-24,26.5,40,15
2026-09-25,24.0,90,4
2026-09-26,25.1,30,16
2026-09-27,26.8,10,20
2026-09-28,27.0,20,20
2026-09-29,25.0,70,8
2026-09-30,23.2,80,4
2026-10-01,24.5,20,16
2026-10-02,25.8,10,18
2026-10-03,26.1,0,19
2026-10-04,24.0,50,11
2026-10-05,22.0,80,4
2026-10-06,23.1,30,14
2026-10-07,24.5,10,17
2026-10-08,25.0,20,17
2026-10-09,23.0,60,9
2026-10-10,21.0,80,3
2026-10-11,22.2,20,13
2026-10-12,23.5,10,15
2026-10-13,24.0,0,16
2026-10-14,22.1,40,11
2026-10-15,19.8,90,2
2026-10-16,21.0,30,12
2026-10-17,22.4,10,14
2026-10-18,23.0,20,15
2026-10-19,20.5,70,6
2026-10-20,18.8,80,2
2026-10-21,20.0,20,11
2026-10-22,21.3,10,13
2026-10-23,22.0,0,14
2026-10-24,20.0,50,8
2026-10-25,18.0,90,2
2026-10-26,19.2,30,10
2026-10-27,20.5,10,12
2026-10-28,21.0,20,12
2026-10-29,18.5,60,6
2026-10-30,17.0,80,2
2026-10-31,18.2,20,9
2026-11-01,19.0,10,10
2026-11-02,20.0,0,12
2026-11-03,18.0,40,7
2026-11-04,15.8,90,1
2026-11-05,17.0,30,8
2026-11-06,18.2,10,10
2026-11-07,18.8,20,10
2026-11-08,16.5,70,4
2026-11-09,14.8,80,1
2026-11-10,16.0,20,7
2026-11-11,17.3,10,9
2026-11-12,17.9,0,10
2026-11-13,15.5,50,5
2026-11-14,13.8,90,1
2026-11-15,15.0,30,6
2026-11-16,16.2,10,8
2026-11-17,16.8,20,8
2026-11-18,14.2,60,3
2026-11-19,12.5,80,1
2026-11-20,13.8,20,5
2026-11-21,15.0,10,7
2026-11-22,15.5,0,7
2026-11-23,13.2,50,3
2026-11-24,11.5,90,1
2026-11-25,12.8,30,4
2026-11-26,14.0,10,6
2026-11-27,14.5,20,6
2026-11-28,12.0,70,2
2026-11-29,10.2,80,1
2026-11-30,11.5,20,4
2026-12-01,12.8,10,5
2026-12-02,13.2,0,5
2026-12-03,11.0,40,3
2026-12-04,9.2,90,1
2026-12-05,10.5,30,3
2026-12-06,11.8,10,4
2026-12-07,12.0,20,4
2026-12-08,9.8,60,2
2026-12-09,8.0,80,1
2026-12-10,9.2,20,3
2026-12-11,10.5,10,4
2026-12-12,11.0,0,4
2026-12-13,8.8,50,2
2026-12-14,7.0,90,1
2026-12-15,8.2,30,2
2026-12-16,9.5,10,3
2026-12-17,10.0,20,3
2026-12-18,7.8,70,1
2026-12-19,6.0,80,1
2026-12-20,7.2,20,2
2026-12-21,8.5,10,3
2026-12-22,9.0,0,3
2026-12-23,6.8,40,2
2026-12-24,5.0,90,1
2026-12-25,6.2,30,2
2026-12-26,7.5,10,3
2026-12-27,8.0,20,3
2026-12-28,5.8,60,1
2026-12-29,4.0,80,1
2026-12-30,5.2,20,2
2026-12-31,4.5,10,3